{"loss": 4, "acc": 97, "mAP.5": 10, "_timestamp": 1664700907.3232262, "_runtime": 214.00372409820557, "_step": 19, "_wandb": {"runtime": 2924}}